,sid,season,number,name,iso_time,lat,lon,dist2land,usa_status,usa_wind,usa_pres,usa_sshs,storm_speed,storm_dir,geo_250,u_wind_250,v_wind_250,geo_550,u_wind_550,v_wind_550,geo_850,u_wind_850,v_wind_850
18009,1982154N22273,1982,33,ALBERTO,1982-06-02 12:00:00,21.7,-87.1,22,TD,20.0,1005.0,-1,7,47,107486.95,8.705689,6.5799847,49911.395,0.8942688,-0.46938294,14535.088,-2.1263878,4.2161536
18010,1982154N22273,1982,33,ALBERTO,1982-06-02 15:00:00,21.9551,-86.8077,59,TD,22.0,1004.0,-1,8,48,107619.55,7.326727,8.153355,50015.36,0.93872315,-1.737998,14606.902,-1.9413568,3.6487322
18011,1982154N22273,1982,33,ALBERTO,1982-06-02 18:00:00,22.2,-86.5,93,TD,25.0,1004.0,-1,8,52,107712.99,5.33066,7.847881,49994.27,2.4410424,0.88604796,14604.05,-1.323573,7.2470555
18012,1982154N22273,1982,33,ALBERTO,1982-06-02 21:00:00,22.4224,-86.165,130,TD,27.0,1003.0,-1,8,58,107658.52,7.1575866,6.505583,49890.344,3.1707423,0.35380188,14479.807,-0.55124086,6.368825
18013,1982154N22273,1982,33,ALBERTO,1982-06-03 00:00:00,22.6,-85.8,113,TD,30.0,1003.0,-1,8,68,107534.59,7.1562037,5.275539,49895.17,0.95864505,-1.7391217,14485.528,-2.5255964,4.3155384
18014,1982154N22273,1982,33,ALBERTO,1982-06-03 03:00:00,22.7,-85.4072,98,TD,35.0,1002.0,0,8,75,107701.48,5.6898155,4.800452,50017.11,1.8094105,0.30184326,14606.1875,-3.2869177,7.12992
18015,1982154N22273,1982,33,ALBERTO,1982-06-03 06:00:00,22.8,-85.0,83,TS,40.0,1001.0,0,8,71,107595.63,6.9566674,5.4704084,49963.066,3.0631957,0.20895386,14565.18,-3.1972644,7.1115904
18016,1982154N22273,1982,33,ALBERTO,1982-06-03 09:00:00,22.955,-84.5849,68,TS,45.0,998.0,0,8,62,107427.3,8.436544,5.5429163,49855.887,3.0926893,-1.9006158,14441.621,-2.2851086,7.5458684
18017,1982154N22273,1982,33,ALBERTO,1982-06-03 12:00:00,23.2,-84.2,59,TS,50.0,995.0,0,9,47,107441.76,7.196418,6.3083386,49906.676,3.9916222,3.5108955,14557.166,-0.56698304,7.8556476
18018,1982154N22273,1982,33,ALBERTO,1982-06-03 15:00:00,23.57,-83.8552,91,TS,62.0,990.0,0,10,35,107450.96,4.7196045,6.8566575,49956.54,1.4376379,0.99505734,14619.765,-2.9755676,6.4502583
18019,1982154N22273,1982,33,ALBERTO,1982-06-03 18:00:00,24.0,-83.6,124,HU,75.0,985.0,1,10,25,107509.53,4.3841023,6.8306794,49960.363,1.8356208,-1.0586731,14625.093,-2.066781,7.080035
18020,1982154N22273,1982,33,ALBERTO,1982-06-03 21:00:00,24.4523,-83.4025,178,HU,70.0,988.0,1,8,13,107468.8,6.6980095,6.8890767,49909.26,2.5795753,1.5942584,14567.704,-0.9384161,10.349201
18021,1982154N22273,1982,33,ALBERTO,1982-06-04 00:00:00,24.8,-83.4,210,HU,65.0,992.0,1,5,331,107345.04,4.4708114,0.6848059,49905.094,-0.40195128,-2.6603734,14602.12,-2.5640752,7.505988
18022,1982154N22273,1982,33,ALBERTO,1982-06-04 03:00:00,24.9102,-83.6824,225,HU,60.0,995.0,0,6,279,107470.27,3.0340881,-4.510629,50068.066,-1.6484979,-7.5960827,14659.555,-2.8711207,3.60622
18023,1982154N22273,1982,33,ALBERTO,1982-06-04 06:00:00,24.9,-84.1,234,TS,55.0,998.0,0,8,269,107450.35,2.7577624,-6.1456394,50058.95,-1.2415369,-7.3398547,14655.22,-2.069922,4.634083
18024,1982154N22273,1982,33,ALBERTO,1982-06-04 09:00:00,24.9001,-84.5475,248,TS,50.0,1000.0,0,6,270,107335.48,2.8338494,-9.896826,50024.004,-0.8508313,-10.249136,14530.762,-0.9360065,0.6575476
18025,1982154N22273,1982,33,ALBERTO,1982-06-04 12:00:00,24.9,-84.8,258,TS,45.0,1002.0,0,0,0,107369.16,3.06581,-10.663037,50133.363,-1.1245111,-9.893679,14640.924,0.8108325,0.844682
18026,1982154N22273,1982,33,ALBERTO,1982-06-04 15:00:00,24.9428,-84.5601,251,TS,42.0,1003.0,0,6,80,107518.47,2.9130116,-7.5802803,50230.816,-1.0543195,-7.771487,14720.941,1.6697162,-0.97991514
18027,1982154N22273,1982,33,ALBERTO,1982-06-04 18:00:00,25.0,-84.2,248,TS,40.0,1005.0,0,4,75,107592.19,4.224472,-5.044913,50206.863,1.3650476,-5.129809,14740.327,1.1697131,2.3558643
18028,1982154N22273,1982,33,ALBERTO,1982-06-04 21:00:00,25.0499,-84.1124,245,TS,35.0,1006.0,0,1,40,107566.92,5.7128706,-5.402932,50126.04,2.6646698,-6.896329,14620.175,1.5665369,2.2848718
18029,1982154N22273,1982,33,ALBERTO,1982-06-05 00:00:00,25.1,-84.1,255,TD,30.0,1007.0,-1,1,27,107527.54,3.5835578,-5.96817,50159.855,2.7260847,-9.206217,14629.054,1.7330585,0.88230103
18030,1982154N22273,1982,33,ALBERTO,1982-06-05 03:00:00,25.15,-84.05,242,TD,27.0,1007.0,-1,1,40,107583.46,4.2032137,-5.5768304,50271.78,0.74087095,-9.906296,14732.082,1.2338812,0.318656
18031,1982154N22273,1982,33,ALBERTO,1982-06-05 06:00:00,25.2,-84.0,242,TD,25.0,1008.0,-1,1,37,107520.14,5.3553443,-5.0842414,50244.3,-0.64577454,-8.452252,14715.937,1.2433008,0.53454834
18032,1982154N22273,1982,33,ALBERTO,1982-06-05 09:00:00,25.25,-83.965,242,TD,25.0,1008.0,-1,1,40,107353.34,6.3250275,-6.559004,50112.445,-0.70060366,-7.568469,14621.256,1.6941321,0.3156305
18033,1982154N22273,1982,33,ALBERTO,1982-06-05 12:00:00,25.3,-83.9,228,TD,25.0,1009.0,-1,2,61,107421.56,4.810727,-8.09454,50257.32,0.78533083,-7.0600934,14779.9,1.2783056,-0.4462787
18034,1982154N22273,1982,33,ALBERTO,1982-06-05 15:00:00,25.35,-83.765,214,TD,25.0,1009.0,-1,3,70,107508.35,5.1963496,-5.358706,50354.926,0.39096436,-8.312573,14862.225,1.3993438,-0.67694336
18035,1982154N22273,1982,33,ALBERTO,1982-06-05 18:00:00,25.4,-83.6,196,TD,25.0,1010.0,-1,3,69,107576.04,7.0370703,-3.9414473,50397.363,-0.3471228,-8.593195,14869.269,1.9909332,-0.8485931
18036,1982154N22273,1982,33,ALBERTO,1982-06-05 21:00:00,25.4575,-83.45,182,TD,25.0,1010.0,-1,3,70,107498.74,7.99104,-4.51197,50307.125,0.4149164,-7.1547785,14799.473,3.4476545,0.28072083
18037,1982154N22273,1982,33,ALBERTO,1982-06-06 00:00:00,25.5,-83.3,164,TD,25.0,1010.0,-1,3,79,107451.64,9.910128,-6.235467,50287.863,2.1271558,-6.0952306,14813.23,2.5786207,-1.655957
18038,1982154N22273,1982,33,ALBERTO,1982-06-06 03:00:00,25.5075,-83.1575,155,TD,25.0,1010.0,-1,3,90,107532.13,9.475286,-8.990949,50404.953,2.491736,-5.6442127,14950.536,1.1472278,-2.5167823
18039,1982154N22273,1982,33,ALBERTO,1982-06-06 06:00:00,25.5,-83.0,137,TD,25.0,1010.0,-1,3,92,107446.9,8.47485,-9.316775,50368.9,3.4936817,-6.220875,14917.865,0.13914062,-1.9913354
18040,1982154N22273,1982,33,ALBERTO,1982-06-06 09:00:00,25.4976,-82.81,118,TD,22.0,1010.0,-1,4,90,107345.77,6.793073,-9.965092,50283.574,2.4456818,-7.061538,14838.339,0.6548059,-0.50899106
18041,1982154N22273,1982,33,ALBERTO,1982-06-06 12:00:00,25.5,-82.6,100,TD,20.0,1010.0,-1,4,89,107314.16,7.8411694,-12.166208,50382.91,2.3901484,-8.626354,14976.334,0.87835634,0.9901532
18042,1982169N26274,1982,38,NOT_NAMED,1982-06-18 00:00:00,25.8,-86.4,413,SD,25.0,1004.0,-2,21,52,107233.62,12.07087,4.3548455,49740.996,6.17359,2.876421,14448.321,3.103598,4.0315647
18043,1982169N26274,1982,38,NOT_NAMED,1982-06-18 03:00:00,26.4491,-85.4861,304,SD,27.0,1003.0,-2,21,51,107447.1,11.396868,4.708047,49800.254,8.283509,3.7432635,14513.8125,4.3175898,7.5520563
18044,1982169N26274,1982,38,NOT_NAMED,1982-06-18 06:00:00,27.1,-84.6,189,SD,30.0,1003.0,-2,21,49,107246.83,13.46204,5.739549,49711.094,7.8428035,1.5117224,14386.553,2.9490736,4.744832
18045,1982169N26274,1982,38,NOT_NAMED,1982-06-18 09:00:00,27.7934,-83.7475,79,SD,35.0,1001.0,-2,23,45,106932.96,9.306151,11.664053,49554.56,8.14467,1.7967688,14262.049,3.4946973,5.8549995
18046,1982169N26274,1982,38,NOT_NAMED,1982-06-18 12:00:00,28.7,-82.8,19,SS,40.0,999.0,-2,30,41,106739.68,5.316119,17.072603,49491.414,8.379738,2.123352,14276.159,2.4485536,6.3048987
18047,1982169N26274,1982,38,NOT_NAMED,1982-06-18 15:00:00,30.0901,-81.5061,0,SS,50.0,995.0,-2,35,39,106839.62,8.448033,19.24637,49488.09,7.1167073,2.8156738,14271.27,2.0161402,5.530411
18048,1982169N26274,1982,38,NOT_NAMED,1982-06-18 18:00:00,31.4,-80.3,79,SS,60.0,992.0,-2,25,39,107036.39,10.466034,19.620806,49481.844,8.500108,11.756117,14289.704,2.0389118,12.7950735
18049,1982169N26274,1982,38,NOT_NAMED,1982-06-18 21:00:00,32.0448,-79.6604,72,SS,60.0,992.0,-2,14,40,106884.63,8.316974,16.43615,49339.453,7.358214,6.4575233,14135.267,2.5174963,5.8216133
18050,1982169N26274,1982,38,NOT_NAMED,1982-06-19 00:00:00,32.5,-79.2,58,SS,60.0,992.0,-2,15,40,106813.75,12.435801,11.350544,49377.93,11.083218,9.623728,14136.885,7.3084264,4.362948
18051,1982169N26274,1982,38,NOT_NAMED,1982-06-19 03:00:00,33.1769,-78.5516,55,SS,60.0,992.0,-2,18,40,106749.07,7.2173786,8.827238,49378.625,8.056297,0.9343439,14157.805,5.0100513,0.4524634
18052,1982169N26274,1982,38,NOT_NAMED,1982-06-19 06:00:00,33.9,-77.8,18,SS,60.0,992.0,-2,19,43,106546.25,8.345453,10.7016325,49235.434,5.7493978,1.6973693,14024.371,4.958878,3.6570568
18053,1982169N26274,1982,38,NOT_NAMED,1982-06-19 09:00:00,34.5676,-77.0152,11,SS,60.0,992.0,-2,20,47,106316.06,9.499448,11.94325,49117.406,5.4791613,4.0692077,13895.581,4.9369354,3.6128712
18054,1982169N26274,1982,38,NOT_NAMED,1982-06-19 12:00:00,35.3,-76.0,14,SS,60.0,992.0,-2,25,52,106354.36,12.034776,11.630466,49287.29,11.615654,5.3854456,14095.19,9.634743,4.0797815
18055,1982169N26274,1982,38,NOT_NAMED,1982-06-19 15:00:00,36.1263,-74.5877,87,SS,60.0,992.0,-2,30,53,106267.42,14.255767,12.502122,49241.29,13.004529,2.5226142,14062.468,9.111435,2.8173969
18056,1982169N26274,1982,38,NOT_NAMED,1982-06-19 18:00:00,37.1,-73.0,227,SS,60.0,992.0,-2,32,49,106196.04,16.82041,14.004001,49151.57,14.317087,3.574043,13963.077,12.14521,8.689761
18057,1982169N26274,1982,38,NOT_NAMED,1982-06-19 21:00:00,38.2037,-71.5998,274,SS,60.0,992.0,-2,34,44,105984.2,17.363762,12.462393,49011.445,14.984272,-0.11045654,13803.32,14.216055,3.3536952
18058,1982169N26274,1982,38,NOT_NAMED,1982-06-20 00:00:00,39.5,-70.0,230,SS,60.0,992.0,-2,40,45,105511.16,16.657442,17.429993,48646.574,16.292086,1.4446875,13522.612,7.972359,-3.168416
18059,1982169N26274,1982,38,NOT_NAMED,1982-06-20 03:00:00,41.0272,-67.941,191,SS,60.0,990.0,-2,45,49,105248.68,17.823755,17.369675,48476.44,17.389044,1.4517041,13336.204,7.067245,1.2800909
18060,1982169N26274,1982,38,NOT_NAMED,1982-06-20 06:00:00,42.5,-65.5,111,SS,60.0,988.0,-2,47,56,104934.24,17.449516,16.180769,48207.234,18.43972,2.8022614,13080.787,10.397021,1.469878
18061,1982169N26274,1982,38,NOT_NAMED,1982-06-20 09:00:00,43.6625,-62.7143,105,SS,60.0,986.0,-2,44,63,104524.83,15.123695,20.310408,47787.684,14.400608,6.3023853,12851.165,1.1240155,4.7392483
18062,1982169N26274,1982,38,NOT_NAMED,1982-06-20 12:00:00,44.5,-60.0,116,SS,60.0,984.0,-2,37,69,104566.36,20.033699,14.022619,47827.2,20.47802,8.750465,12816.451,5.4241753,11.327856
18063,1982169N26274,1982,38,NOT_NAMED,1982-06-20 15:00:00,45.0334,-57.8233,199,SS,60.0,987.0,-2,30,72,104444.65,21.856047,12.268494,47803.586,17.19493,10.794617,12846.895,2.0782697,10.132935
18064,1982241N14338,1982,63,BERYL,1982-08-28 12:00:00,13.7,-22.2,519,TD,30.0,1008.0,-1,5,296,107434.26,-5.7959027,-0.07904907,49984.91,-3.9049273,2.03976,14757.176,-5.0768905,1.2217859
18065,1982241N14338,1982,63,BERYL,1982-08-28 15:00:00,13.805,-22.4199,537,TD,32.0,1007.0,-1,5,292,107416.62,-4.5676665,0.24464539,49901.344,-2.6620166,2.8434527,14665.356,-4.913997,2.8175366
18066,1982241N14338,1982,63,BERYL,1982-08-28 18:00:00,13.9,-22.7,567,TS,35.0,1006.0,0,7,285,107404.0,-5.300545,-0.42034423,49832.95,-2.3729432,0.47394043,14579.865,-4.7836523,1.5388532
18067,1982241N14338,1982,63,BERYL,1982-08-28 21:00:00,13.9849,-23.0902,608,TS,35.0,1005.0,0,9,283,107417.03,-4.530594,-0.27449647,49880.324,-2.0641308,1.6870716,14597.579,-4.654005,3.8617432
18068,1982241N14338,1982,63,BERYL,1982-08-29 00:00:00,14.1,-23.6,660,TS,35.0,1005.0,0,11,285,107537.3,-3.2038074,-2.2772682,50028.06,-2.9591072,1.1587683,14728.375,-3.880067,4.2519703
18069,1982241N14338,1982,63,BERYL,1982-08-29 03:00:00,14.285,-24.2125,722,TS,37.0,1004.0,0,13,288,107342.91,-3.4629638,-1.8923938,49873.504,-2.9308825,3.257151,14581.635,-1.6678308,6.5284333
18070,1982241N14338,1982,63,BERYL,1982-08-29 06:00:00,14.5,-24.9,796,TS,40.0,1003.0,0,14,287,107279.33,-4.332415,-1.9733593,49826.91,-3.0417504,2.6563866,14527.824,-0.534693,4.235879
18071,1982241N14338,1982,63,BERYL,1982-08-29 09:00:00,14.6999,-25.5926,871,TS,42.0,1002.0,0,14,286,107346.37,-4.7781734,-1.1078796,49885.13,-4.8296146,2.4645185,14600.497,-5.7922845,0.6580829
18072,1982241N14338,1982,63,BERYL,1982-08-29 12:00:00,14.9,-26.3,946,TS,45.0,1002.0,0,14,286,107477.43,-5.369116,2.027674,50004.844,-3.7545087,5.4895325,14723.255,-5.478623,4.06184
18073,1982241N14338,1982,63,BERYL,1982-08-29 15:00:00,15.0998,-27.0001,1022,TS,45.0,1001.0,0,14,286,107431.18,-4.614016,0.9983435,49925.33,-2.6051252,4.3668056,14604.817,-4.7835503,2.3455987
18074,1982241N14338,1982,63,BERYL,1982-08-29 18:00:00,15.3,-27.7,1097,TS,45.0,1000.0,0,14,287,107344.78,-4.99525,-0.14341064,49842.965,-1.2282257,1.8075562,14500.41,-4.139291,0.5882373
18075,1982241N14338,1982,63,BERYL,1982-08-29 21:00:00,15.5072,-28.3926,1173,TS,47.0,999.0,0,14,287,107445.32,-5.1396623,0.7494458,49957.945,-3.6378596,2.113543,14616.424,-8.64439,3.14088
18076,1982241N14338,1982,63,BERYL,1982-08-30 00:00:00,15.7,-29.1,1250,TS,50.0,999.0,0,14,284,107549.51,-5.037831,0.16825378,50082.0,-6.1374946,1.9673065,14748.473,-7.7629976,2.286035
18077,1982241N14338,1982,63,BERYL,1982-08-30 03:00:00,15.8573,-29.8427,1326,TS,50.0,998.0,0,15,282,107410.64,-4.4122114,0.39959413,49989.11,-6.0395045,2.0668092,14666.249,-7.0324388,1.4972419
18078,1982241N14338,1982,63,BERYL,1982-08-30 06:00:00,16.0,-30.6,1412,TS,50.0,998.0,0,15,281,107260.34,-3.726555,-0.021222534,49883.363,-6.0915437,1.2598724,14551.565,-6.6096535,0.4347882
18079,1982241N14338,1982,63,BERYL,1982-08-30 09:00:00,16.1422,-31.3502,1498,TS,50.0,997.0,0,15,282,107329.92,-3.826612,0.09012573,49977.656,-6.1288085,3.243805,14640.92,-7.3144526,3.0478094
18080,1982241N14338,1982,63,BERYL,1982-08-30 12:00:00,16.3,-32.1,1574,TS,50.0,996.0,0,15,284,107516.98,-4.0730224,1.3371058,50094.363,-6.579332,4.0841846,14772.079,-7.202147,3.6084564
18081,1982241N14338,1982,63,BERYL,1982-08-30 15:00:00,16.4998,-32.8575,1661,TS,52.0,995.0,0,15,286,107492.45,-3.593114,1.9164642,50031.8,-6.1231017,3.317751,14696.503,-6.797512,3.5258167
18082,1982241N14338,1982,63,BERYL,1982-08-30 18:00:00,16.7,-33.6,1738,TS,55.0,995.0,0,14,285,107405.67,-2.1426525,2.5904377,49976.246,-6.592082,1.7338116,14628.773,-10.752869,3.2676556
18083,1982241N14338,1982,63,BERYL,1982-08-30 21:00:00,16.8647,-34.3076,1814,TS,55.0,994.0,0,14,283,107434.03,-2.882149,2.343241,50030.164,-7.11435,2.519696,14704.67,-10.189564,5.2790303
18084,1982241N14338,1982,63,BERYL,1982-08-31 00:00:00,17.0,-35.0,1889,TS,55.0,993.0,0,14,279,107537.73,-1.8503308,2.9080493,50133.44,-8.5034685,2.9522467,14823.15,-10.100394,5.81562
18085,1982241N14338,1982,63,BERYL,1982-08-31 03:00:00,17.0848,-35.7004,1964,TS,57.0,992.0,0,14,278,107386.78,-1.2299926,2.886845,50034.523,-8.601878,2.7551026,14730.778,-9.340261,5.5646257
18086,1982241N14338,1982,63,BERYL,1982-08-31 06:00:00,17.2,-36.4,2039,TS,60.0,992.0,0,14,285,107261.63,-0.93841857,2.943282,49953.113,-8.019524,4.821099,14665.925,-8.650125,6.9308734
18087,1982241N14338,1982,63,BERYL,1982-08-31 09:00:00,17.4424,-37.1147,2115,TS,60.0,991.0,0,14,291,107324.08,-0.084296875,3.7614996,50014.16,-7.7141056,3.7805946,14725.449,-8.518614,5.7239285
18088,1982241N14338,1982,63,BERYL,1982-08-31 12:00:00,17.7,-37.8,2101,TS,60.0,991.0,0,13,289,107453.78,1.175083,3.7665179,50137.91,-9.335132,3.7096906,14845.275,-12.522827,5.084071
18089,1982241N14338,1982,63,BERYL,1982-08-31 15:00:00,17.8648,-38.4302,2071,TS,60.0,990.0,0,12,285,107460.62,2.3291638,4.7719407,50119.797,-8.45758,5.3688073,14814.42,-11.128171,7.175537
18090,1982241N14338,1982,63,BERYL,1982-08-31 18:00:00,18.0,-39.0,2036,TS,60.0,990.0,0,11,285,107363.02,3.6890473,3.4002185,50033.195,-6.810682,3.9620588,14691.06,-10.49083,6.050346
18091,1982241N14338,1982,63,BERYL,1982-08-31 21:00:00,18.1498,-39.5226,2009,TS,60.0,989.0,0,10,288,107340.06,4.6428013,2.0454705,50050.98,-6.203322,2.0796196,14710.115,-10.10705,4.998023
18092,1982241N14338,1982,63,BERYL,1982-09-01 00:00:00,18.3,-40.0,1992,TS,60.0,989.0,0,9,289,107434.5,4.232976,3.1175263,50156.227,-6.943303,4.055864,14880.086,-9.658452,6.202133
18093,1982241N14338,1982,63,BERYL,1982-09-01 03:00:00,18.4574,-40.465,1976,TS,60.0,993.0,0,9,289,107337.21,4.2277117,3.59758,50086.42,-5.7108335,5.629996,14848.256,-8.6403055,7.926257
18094,1982241N14338,1982,63,BERYL,1982-09-01 06:00:00,18.6,-40.9,1960,TS,60.0,998.0,0,8,287,107147.49,5.541471,1.9299829,49994.016,-5.414975,4.718977,14762.251,-10.005392,6.435697
18095,1982241N14338,1982,63,BERYL,1982-09-01 09:00:00,18.7074,-41.3151,1944,TS,60.0,998.0,0,8,285,107162.02,5.2318225,2.7536309,50050.01,-4.237815,4.7792363,14831.207,-9.16766,6.9542217
18096,1982241N14338,1982,63,BERYL,1982-09-01 12:00:00,18.8,-41.7,1928,TS,60.0,998.0,0,7,285,107296.66,3.0300367,1.0903234,50144.555,-4.292326,4.072401,14885.277,-8.44367,6.7102523
18097,1982241N14338,1982,63,BERYL,1982-09-01 15:00:00,18.8998,-42.0501,1910,TS,60.0,994.0,0,7,287,107350.04,3.5346742,2.5715783,50145.47,-3.84453,4.62256,14878.29,-7.390726,7.923229
18098,1982241N14338,1982,63,BERYL,1982-09-01 18:00:00,19.0,-42.4,1900,TS,60.0,990.0,0,7,286,107298.7,4.378046,2.634137,50104.41,-2.9725945,4.851803,14844.76,-6.330105,8.155512
18099,1982241N14338,1982,63,BERYL,1982-09-01 21:00:00,19.0999,-42.7851,1884,TS,57.0,992.0,0,8,285,107278.04,3.3157709,1.5690564,50118.66,-3.0211823,3.0667963,14824.933,-6.4238257,7.338086
18100,1982241N14338,1982,63,BERYL,1982-09-02 00:00:00,19.2,-43.2,1869,TS,55.0,994.0,0,8,283,107415.52,3.432478,3.614411,50285.246,-3.4454353,3.0853357,14993.735,-6.1291714,7.9611864
18101,1982241N14338,1982,63,BERYL,1982-09-02 03:00:00,19.2924,-43.6351,1855,TS,50.0,997.0,0,9,283,107352.17,4.924661,2.7025237,50212.76,-4.0671563,2.9479413,14911.01,-5.702593,7.46807
18102,1982241N14338,1982,63,BERYL,1982-09-02 06:00:00,19.4,-44.1,1837,TS,45.0,1000.0,0,9,286,107241.32,6.1454234,1.2188128,50112.93,-3.2663965,4.2304864,14837.847,-4.879139,7.843445
18103,1982241N14338,1982,63,BERYL,1982-09-02 09:00:00,19.5499,-44.585,1820,TS,40.0,1002.0,0,10,288,107196.1,6.0734053,0.07799134,50132.426,-4.3155837,3.117619,14863.107,-6.507234,6.041166
18104,1982241N14338,1982,63,BERYL,1982-09-02 12:00:00,19.7,-45.1,1815,TS,35.0,1005.0,0,10,285,107357.57,6.124329,0.26598328,50291.87,-3.204893,3.0324097,15038.553,-5.903392,5.6440516
18105,1982241N14338,1982,63,BERYL,1982-09-02 15:00:00,19.8073,-45.6351,1800,TS,32.0,1006.0,-1,11,281,107427.28,5.80271,1.2853186,50350.516,-3.504857,2.9615166,15061.701,-5.9662104,4.1703253
18106,1982241N14338,1982,63,BERYL,1982-09-02 18:00:00,19.9,-46.2,1783,TD,30.0,1008.0,-1,11,281,107340.24,5.519113,2.694909,50269.574,-2.4158716,2.9840314,14982.997,-5.7336082,4.672875
18107,1982241N14338,1982,63,BERYL,1982-09-02 21:00:00,20.0149,-46.7924,1769,TD,30.0,1008.0,-1,11,280,107333.59,5.58624,2.936574,50253.734,-2.190929,1.4055823,14950.4375,-6.2265234,3.3087354
18108,1982241N14338,1982,63,BERYL,1982-09-03 00:00:00,20.1,-47.4,1751,TD,30.0,1009.0,-1,11,275,107470.94,5.283794,3.9817443,50394.66,-3.5796313,1.4450818,15088.126,-6.760171,4.544786
18109,1982241N14338,1982,63,BERYL,1982-09-03 03:00:00,20.1223,-48.0001,1725,TD,30.0,1009.0,-1,11,270,107416.88,6.1412554,4.960892,50370.3,-3.7186217,0.9857837,15065.509,-6.333182,3.8557165
18110,1982241N14338,1982,63,BERYL,1982-09-03 06:00:00,20.1,-48.6,1694,TD,30.0,1009.0,-1,11,266,107297.21,6.8247414,4.6351204,50257.426,-3.3338697,0.49503052,14963.696,-5.2959905,2.573094
18111,1982241N14338,1982,63,BERYL,1982-09-03 09:00:00,20.0498,-49.2001,1637,TD,30.0,1007.0,-1,11,265,107273.13,7.309252,4.1640406,50259.08,-2.9878387,0.6403424,14983.043,-5.32916,2.9069586
18112,1982241N14338,1982,63,BERYL,1982-09-03 12:00:00,20.0,-49.8,1588,TD,30.0,1006.0,-1,12,268,107366.27,5.5547376,3.1373742,50377.1,-2.6403246,-0.82118165,15095.68,-4.9668036,0.6966577
18113,1982241N14338,1982,63,BERYL,1982-09-03 15:00:00,20.0,-50.4223,1540,TD,30.0,1006.0,-1,11,270,107375.44,5.708219,2.9666853,50413.547,-2.4526587,0.08511536,15139.815,-5.6252804,1.8439484
18114,1982241N14338,1982,63,BERYL,1982-09-03 18:00:00,20.0,-51.0,1493,TD,30.0,1006.0,-1,10,267,107266.62,5.3321557,2.9546838,50313.32,-2.0008655,-1.2595661,15008.304,-5.4716706,0.88516355
18115,1982241N14338,1982,63,BERYL,1982-09-03 21:00:00,19.9496,-51.4651,1447,TD,30.0,1007.0,-1,9,263,107275.31,5.4018207,3.118044,50288.07,-1.8162775,-1.5067248,15001.531,-5.818967,1.4931494
18116,1982241N14338,1982,63,BERYL,1982-09-04 00:00:00,19.9,-51.9,1418,TD,30.0,1008.0,-1,9,267,107294.21,5.061529,3.190583,50368.734,-3.0471277,-2.9798577,15107.128,-6.1531925,1.1928992
18117,1982241N14338,1982,63,BERYL,1982-09-04 03:00:00,19.9,-52.3999,1381,TD,30.0,1008.0,-1,9,270,107290.28,5.516951,4.125288,50349.203,-3.5193336,-2.6093042,15099.577,-5.9991918,2.8106306
18118,1982241N14338,1982,63,BERYL,1982-09-04 06:00:00,19.9,-52.9,1344,TD,30.0,1009.0,-1,9,267,107174.47,5.682809,4.8151383,50205.43,-4.4120064,-2.8911474,14943.379,-5.1912403,1.3338519
18119,1982241N14338,1982,63,BERYL,1982-09-04 09:00:00,19.8572,-53.3425,1302,TD,30.0,1009.0,-1,9,263,107141.09,6.904978,4.78077,50192.004,-4.6027265,-1.8976959,14951.412,-5.8291693,1.5334326
18120,1982241N14338,1982,63,BERYL,1982-09-04 12:00:00,19.8,-53.8,1249,TD,30.0,1009.0,-1,9,263,107211.96,5.5208297,3.4754663,50324.43,-4.3494453,-1.1860285,15097.022,-5.2523394,1.4561017
18121,1982241N14338,1982,63,BERYL,1982-09-04 15:00:00,19.75,-54.3425,1197,TD,30.0,1009.0,-1,10,264,107249.63,3.5695813,3.738061,50367.703,-3.4366424,0.15686768,15149.478,-5.4613924,2.4114814
18122,1982241N14338,1982,63,BERYL,1982-09-04 18:00:00,19.7,-54.9,1133,TD,30.0,1009.0,-1,10,265,107170.86,3.9912615,5.339449,50298.24,-2.4530597,-0.17410828,15068.707,-5.2102566,1.1028333
18123,1982241N14338,1982,63,BERYL,1982-09-04 21:00:00,19.6572,-55.3999,1081,TD,30.0,1009.0,-1,9,264,107079.25,6.1078725,5.3076262,50255.047,-2.2055488,-0.7120599,15013.164,-6.0248322,1.7211182
18124,1982241N14338,1982,63,BERYL,1982-09-05 00:00:00,19.6,-55.9,1028,TD,30.0,1009.0,-1,10,260,107180.78,6.802292,7.4644866,50340.797,-3.8623035,-2.502968,15050.16,-5.4220967,1.0097193
18125,1982241N14338,1982,63,BERYL,1982-09-05 03:00:00,19.4923,-56.4277,975,TD,27.0,1009.0,-1,11,259,107249.25,6.3282857,9.027053,50334.785,-4.1303277,-1.7996081,15074.138,-4.3264327,1.6755737
18126,1982241N14338,1982,63,BERYL,1982-09-05 06:00:00,19.4,-57.0,911,TD,25.0,1009.0,-1,11,264,107126.74,5.8248553,8.074768,50229.72,-4.2687016,-1.308352,14957.611,-4.4883285,1.5460681
18127,1982241N14338,1982,63,BERYL,1982-09-05 09:00:00,19.3773,-57.6274,848,TD,25.0,1009.0,-1,12,270,107027.07,5.094299,7.3533025,50196.285,-4.0200043,-1.3561975,14930.18,-4.4092226,0.9943256
18128,1982241N14338,1982,63,BERYL,1982-09-05 12:00:00,19.4,-58.3,776,TD,25.0,1010.0,-1,13,273,107113.6,5.0209985,6.777208,50299.195,-3.5944202,-0.32626954,15043.175,-5.5342827,2.4735205
18129,1982241N14338,1982,63,BERYL,1982-09-05 15:00:00,19.4349,-59.0,703,TD,27.0,1010.0,-1,13,274,107152.84,3.2839148,6.963516,50371.164,-3.73073,-0.485213,15097.575,-4.944586,3.0252118
18130,1982241N14338,1982,63,BERYL,1982-09-05 18:00:00,19.5,-59.7,632,TD,30.0,1010.0,-1,13,277,107046.16,3.4479113,7.627086,50310.23,-3.5735176,-0.88158506,15053.612,-5.089541,2.784574
18131,1982241N14338,1982,63,BERYL,1982-09-05 21:00:00,19.5997,-60.3574,562,TD,30.0,1010.0,-1,12,279,106997.99,3.8390014,7.221655,50265.105,-3.842135,-0.3307782,15031.232,-4.7654696,2.5474901
18132,1982241N14338,1982,63,BERYL,1982-09-06 00:00:00,19.7,-61.0,504,TD,30.0,1010.0,-1,12,277,106920.32,2.7408514,9.516404,50348.4,-4.684233,-2.2202454,15074.894,-4.477292,1.5206434
18133,1982241N14338,1982,63,BERYL,1982-09-06 03:00:00,19.7498,-61.6502,434,TD,30.0,1010.0,-1,12,275,106957.56,3.0705445,8.58653,50407.855,-5.011667,-1.1283593,15126.767,-5.0154157,0.30485108
18134,1982241N14338,1982,63,BERYL,1982-09-06 06:00:00,19.8,-62.3,380,TD,30.0,1010.0,-1,12,276,106858.42,2.2916975,7.4608173,50265.555,-3.8049018,0.7561493,15010.223,-5.2802444,1.7564789
18135,1982241N14338,1982,63,BERYL,1982-09-06 09:00:00,19.888,-62.9497,329,TD,27.0,1010.0,-1,12,279,106781.29,0.91773254,4.6829457,50229.71,-2.5104792,0.91473997,15000.66,-5.159838,1.0336615
18136,1982241N14338,1982,63,BERYL,1982-09-06 12:00:00,20.0,-63.6,275,TD,25.0,1010.0,-1,12,280,106801.81,2.2980835,4.9939294,50318.797,-2.253769,-0.13010803,15064.3125,-5.932039,0.9449469
18137,1982249N17307,1982,70,NOT_NAMED,1982-09-06 00:00:00,16.8,-53.0,1101,TD,20.0,1008.0,-1,11,277,107325.22,2.545539,7.1889043,50329.47,-2.3641553,-2.0821204,15083.074,-5.101042,0.35494018
18138,1982249N17307,1982,70,NOT_NAMED,1982-09-06 03:00:00,16.8654,-53.5622,1058,TD,22.0,1008.0,-1,11,275,107289.6,1.2680445,7.0369205,50323.344,-2.8512762,-1.3613281,15084.456,-4.8653374,-0.30835205
18139,1982249N17307,1982,70,NOT_NAMED,1982-09-06 06:00:00,16.9,-54.1,1018,TD,25.0,1008.0,-1,10,272,107150.4,0.7298224,7.3847237,50216.773,-3.0317767,-1.2217413,14984.473,-4.3161817,-0.29070863
18140,1982249N17307,1982,70,NOT_NAMED,1982-09-06 09:00:00,16.9048,-54.6004,979,TD,25.0,1008.0,-1,10,276,107103.65,0.76960754,8.386227,50232.88,-3.331104,-0.9897913,14996.59,-4.713588,-0.7343072
18141,1982249N17307,1982,70,NOT_NAMED,1982-09-06 12:00:00,17.0,-55.1,950,TD,25.0,1008.0,-1,11,293,107221.85,1.8880835,10.586742,50322.363,-4.1115813,-2.3185456,15044.103,-5.272429,-0.6340375
18142,1982249N17307,1982,70,NOT_NAMED,1982-09-06 15:00:00,17.335,-55.6495,940,TD,27.0,1008.0,-1,13,304,107267.74,2.5552404,11.459673,50395.0,-3.7913117,-0.7760553,15118.03,-5.4534044,0.08269776
18143,1982249N17307,1982,70,NOT_NAMED,1982-09-06 18:00:00,17.7,-56.2,939,TD,30.0,1008.0,-1,11,297,107211.71,3.8014991,10.252328,50298.254,-2.9015937,0.008670654,15036.82,-6.5174685,1.5607361
18144,1982249N17307,1982,70,NOT_NAMED,1982-09-06 21:00:00,17.8573,-56.7081,929,TD,30.0,1008.0,-1,10,287,107158.15,3.2903614,9.443621,50261.566,-2.3141472,-0.29841554,14983.223,-6.393834,1.2801563
18145,1982249N17307,1982,70,NOT_NAMED,1982-09-07 00:00:00,18.0,-57.2,888,TD,30.0,1008.0,-1,11,294,107204.9,3.6085443,7.158151,50290.316,-3.149079,-0.76316714,15035.015,-4.8725176,1.6147547
18146,1982249N17307,1982,70,NOT_NAMED,1982-09-07 03:00:00,18.2925,-57.7148,833,TD,30.0,1008.0,-1,11,302,107240.26,3.6038854,6.6839104,50311.36,-4.088701,-0.47980347,15070.928,-4.254593,0.7456842
18147,1982249N17307,1982,70,NOT_NAMED,1982-09-07 06:00:00,18.6,-58.2,780,TD,30.0,1008.0,-1,10,302,107127.94,1.3710992,6.9836664,50240.355,-4.2010403,-0.8330444,14997.751,-5.6187572,1.1949487
18148,1982249N17307,1982,70,NOT_NAMED,1982-09-07 09:00:00,18.8071,-58.5855,739,TD,30.0,1008.0,-1,9,298,107026.02,1.9506189,6.5490527,50225.84,-4.6833677,-0.3571405,14958.515,-6.3163347,1.0626001
18149,1982249N17307,1982,70,NOT_NAMED,1982-09-07 12:00:00,19.0,-59.0,698,TD,30.0,1008.0,-1,10,295,107156.28,2.8605084,7.238524,50322.586,-5.093979,-0.19834228,15036.188,-5.327545,2.771894
18150,1982249N17307,1982,70,NOT_NAMED,1982-09-07 15:00:00,19.2427,-59.5849,637,TD,30.0,1008.0,-1,12,294,107296.19,6.08471,7.3961153,50404.69,-5.959646,1.5187646,15104.876,-4.672075,3.0153277
18151,1982249N17307,1982,70,NOT_NAMED,1982-09-07 18:00:00,19.5,-60.2,581,TD,30.0,1008.0,-1,12,296,107253.72,4.250403,5.776733,50332.53,-5.184184,2.8405108,15061.901,-4.8503575,3.8806078
18152,1982249N17307,1982,70,NOT_NAMED,1982-09-07 21:00:00,19.7572,-60.7151,538,TD,30.0,1008.0,-1,11,298,107182.02,1.834223,8.005275,50322.234,-3.3143957,2.4986162,15040.952,-3.9163392,1.8545008
18153,1982249N17307,1982,70,NOT_NAMED,1982-09-08 00:00:00,20.0,-61.2,495,TD,30.0,1008.0,-1,10,295,107274.02,4.7384157,9.647543,50426.266,-3.6579223,-0.299292,15089.343,-4.9888043,3.2611053
18154,1982249N17307,1982,70,NOT_NAMED,1982-09-08 03:00:00,20.1925,-61.7153,456,TD,30.0,1008.0,-1,10,293,107340.4,5.065633,11.979237,50484.44,-5.0435457,-0.13147765,15143.613,-4.740172,2.2795374
18155,1982249N17307,1982,70,NOT_NAMED,1982-09-08 06:00:00,20.4,-62.2,420,TD,30.0,1008.0,-1,10,300,107232.3,4.971892,11.03894,50366.453,-5.632873,0.73295164,15081.223,-4.822859,2.9381049
18156,1982249N17307,1982,70,NOT_NAMED,1982-09-08 09:00:00,20.6697,-62.6003,406,TD,30.0,1008.0,-1,10,309,107172.8,2.6702979,10.776697,50319.094,-5.019098,2.421125,15047.894,-5.1486287,3.211623
18157,1982249N17307,1982,70,NOT_NAMED,1982-09-08 12:00:00,21.0,-63.0,398,TD,30.0,1008.0,-1,11,311,107284.25,2.8581743,12.302307,50443.555,-4.9631567,0.65744936,15177.313,-5.928938,4.816824
18158,1982249N17307,1982,70,NOT_NAMED,1982-09-08 15:00:00,21.4,-63.4923,400,TD,30.0,1008.0,-1,12,311,107433.84,1.6259961,11.254392,50552.094,-5.794156,0.39990723,15265.289,-5.21009,5.9722548
18159,1982249N17307,1982,70,NOT_NAMED,1982-09-08 18:00:00,21.8,-64.0,415,TD,30.0,1008.0,-1,12,307,107357.23,0.64403504,10.723811,50486.81,-5.480035,2.4592333,15202.848,-4.074649,5.6851606
18160,1982249N17307,1982,70,NOT_NAMED,1982-09-08 21:00:00,22.1,-64.4803,429,TD,27.0,1008.0,-1,10,306,107321.04,1.020644,9.824783,50458.637,-4.9613523,2.327807,15178.157,-4.0519695,4.9782853
18161,1982249N17307,1982,70,NOT_NAMED,1982-09-09 00:00:00,22.4,-64.9,453,TD,25.0,1008.0,-1,10,315,107314.07,3.6373065,11.078875,50542.89,-5.08934,1.7854645,15213.357,-4.0110226,3.9319172
18162,1982249N17307,1982,70,NOT_NAMED,1982-09-09 03:00:00,22.7848,-65.2302,493,TD,25.0,1008.0,-1,10,325,107433.18,2.5828028,8.865375,50644.11,-4.204741,1.6375519,15331.817,-5.0734367,4.633702
18163,1982249N17307,1982,70,NOT_NAMED,1982-09-09 06:00:00,23.2,-65.5,536,TD,25.0,1008.0,-1,10,330,107327.92,2.6275396,8.372781,50511.566,-4.1726513,1.4743549,15229.222,-3.9314349,4.8688087
18164,1982249N17307,1982,70,NOT_NAMED,1982-09-09 09:00:00,23.6051,-65.7522,581,TD,22.0,1008.0,-1,9,330,107336.47,0.34248048,5.6595283,50453.523,-4.149969,1.8915008,15202.571,-2.9214082,5.0549607
18165,1982249N17307,1982,70,NOT_NAMED,1982-09-09 12:00:00,24.0,-66.0,626,TD,20.0,1008.0,-1,9,330,107365.55,-1.2858069,4.2023053,50571.895,-3.5461884,2.3671827,15346.947,-2.1695185,4.774479
18166,1982252N26269,1982,71,CHRIS,1982-09-09 00:00:00,26.2,-91.0,323,SD,25.0,1010.0,-2,7,279,107102.87,-0.60659975,9.240281,50058.01,-0.74887145,1.0350739,14791.202,-2.1003973,-2.1851141
18167,1982252N26269,1982,71,CHRIS,1982-09-09 03:00:00,26.2527,-91.3624,316,SD,25.0,1010.0,-2,6,279,107191.02,2.0970216,7.779203,50162.68,-1.1975538,1.6293488,14889.553,-5.270937,0.27510804
18168,1982252N26269,1982,71,CHRIS,1982-09-09 06:00:00,26.3,-91.7,322,SD,25.0,1010.0,-2,6,279,107108.66,2.4766803,2.9234056,50092.434,-2.4093702,1.051308,14825.021,-5.1014347,2.2381055
18169,1982252N26269,1982,71,CHRIS,1982-09-09 09:00:00,26.3423,-92.0001,330,SD,25.0,1009.0,-2,5,281,107025.19,-0.44876954,2.2055438,49952.523,-1.8809063,2.7246258,14706.791,-1.9098456,4.326836
18170,1982252N26269,1982,71,CHRIS,1982-09-09 12:00:00,26.4,-92.3,331,SD,25.0,1009.0,-2,6,284,107034.37,-1.9537756,2.4810553,49966.484,-0.16353211,1.7722608,14766.593,1.6174347,3.7197912
18171,1982252N26269,1982,71,CHRIS,1982-09-09 15:00:00,26.4927,-92.6874,337,SD,27.0,1009.0,-2,7,288,107112.14,-3.2218401,2.6774921,50047.16,-0.59507143,0.015906982,14812.99,0.90190244,0.31684265
18172,1982252N26269,1982,71,CHRIS,1982-09-09 18:00:00,26.6,-93.0,330,SD,30.0,1009.0,-2,4,305,107198.18,-3.791667,5.318968,50110.36,-1.5976727,0.51145446,14854.19,-3.0135663,-0.65852904
18173,1982252N26269,1982,71,CHRIS,1982-09-09 21:00:00,26.7071,-93.0352,320,SD,30.0,1008.0,-2,2,335,107160.08,-2.5986114,6.549097,50039.996,-1.1994275,0.95057005,14748.353,-2.9571662,-0.37027526
18174,1982252N26269,1982,71,CHRIS,1982-09-10 00:00:00,26.8,-93.1,311,TD,30.0,1008.0,-1,5,286,107147.37,-0.5736145,7.0852466,49968.547,-0.301463,0.70441526,14674.889,-2.4651618,0.60242003
18175,1982252N26269,1982,71,CHRIS,1982-09-10 03:00:00,26.8356,-93.5426,296,TD,30.0,1007.0,-1,8,277,107230.15,0.078932494,3.7784417,50030.074,-2.3507464,-1.561712,14734.159,-3.4816504,-1.7154083
18176,1982252N26269,1982,71,CHRIS,1982-09-10 06:00:00,26.9,-94.0,262,TD,30.0,1007.0,-1,6,292,107121.61,0.5441644,2.470761,49973.05,-2.2456188,0.53704894,14695.228,-3.180835,0.8397437
18177,1982252N26269,1982,71,CHRIS,1982-09-10 09:00:00,27.0623,-94.175,232,TD,32.0,1006.0,-1,4,336,107000.91,-0.54867494,2.1972136,49865.17,-1.0118371,1.5269861,14602.669,-1.1002215,3.127675
18178,1982252N26269,1982,71,CHRIS,1982-09-10 12:00:00,27.3,-94.2,213,TS,35.0,1005.0,0,5,3,107033.97,0.31889832,1.8648322,49870.516,-0.2722101,1.7705976,14618.259,0.96356386,3.820249
18179,1982252N26269,1982,71,CHRIS,1982-09-10 15:00:00,27.5925,-94.1652,184,TS,40.0,1003.0,0,6,8,107150.46,0.77119565,3.7396197,49988.477,-1.9154395,1.919823,14720.534,-1.2209101,2.6178248
18180,1982252N26269,1982,71,CHRIS,1982-09-10 18:00:00,27.9,-94.1,163,TS,45.0,1001.0,0,6,6,107259.18,0.74471927,4.5823693,50058.285,-0.9122552,2.4488823,14748.046,-1.0464557,2.9618769
18181,1982252N26269,1982,71,CHRIS,1982-09-10 21:00:00,28.15,-94.0999,139,TS,47.0,1000.0,0,5,2,107172.28,2.0137854,4.5488887,49946.57,0.3287604,1.8665081,14597.725,-0.34661925,2.913689
18182,1982252N26269,1982,71,CHRIS,1982-09-11 00:00:00,28.4,-94.1,126,TS,50.0,1000.0,0,5,5,107165.32,2.7282214,5.153054,49847.3,1.1402789,0.6068518,14497.238,0.07379944,3.446338
18183,1982252N26269,1982,71,CHRIS,1982-09-11 03:00:00,28.6775,-94.0649,101,TS,50.0,998.0,0,6,8,107265.73,4.2695055,4.946259,49905.414,-1.4736103,0.10092285,14543.406,-3.2614691,4.3877654
18184,1982252N26269,1982,71,CHRIS,1982-09-11 06:00:00,29.0,-94.0,77,TS,50.0,997.0,0,7,10,107227.08,5.167651,3.45378,49905.52,-1.0607781,1.3481696,14540.401,-1.4152302,6.266986
18185,1982252N26269,1982,71,CHRIS,1982-09-11 09:00:00,29.37,-93.9223,33,TS,52.0,995.0,0,8,12,107095.89,4.4856205,2.829704,49774.094,0.9857544,1.2087567,14442.929,1.0678308,6.710633
18186,1982252N26269,1982,71,CHRIS,1982-09-11 12:00:00,29.8,-93.8,0,TS,55.0,994.0,0,10,17,107083.33,3.899702,3.4015899,49798.145,0.46690428,0.20785767,14487.651,-1.0654346,5.3440537
18187,1982252N26269,1982,71,CHRIS,1982-09-11 15:00:00,30.2851,-93.6003,0,TS,47.0,996.0,0,11,19,107204.25,3.8384278,3.4873931,49916.656,-0.04626526,0.5646875,14613.232,0.08565857,4.4111743
18188,1982252N26269,1982,71,CHRIS,1982-09-11 18:00:00,30.8,-93.4,0,TS,40.0,999.0,0,11,14,107260.12,4.6666136,5.053759,49968.273,-1.0458734,5.7775636,14697.926,-2.0692492,8.333806
18189,1982252N26269,1982,71,CHRIS,1982-09-11 21:00:00,31.2999,-93.2994,0,TS,35.0,1001.0,0,10,10,107245.92,4.1406474,4.89124,49918.566,0.48725098,5.2002873,14608.032,-0.55295044,8.769203
18190,1982252N26269,1982,71,CHRIS,1982-09-12 00:00:00,31.8,-93.2,0,TD,30.0,1004.0,-1,10,14,107254.09,4.5052943,5.0970244,49899.535,0.3459851,4.284772,14591.798,0.313432,7.148004
18191,1982252N26269,1982,71,CHRIS,1982-09-12 03:00:00,32.3,-93.015,0,TD,30.0,1005.0,-1,11,19,107359.84,6.438799,3.925172,50011.64,1.9827967,3.9621797,14678.608,-0.45987427,7.7252197
18192,1982252N26269,1982,71,CHRIS,1982-09-12 06:00:00,32.8,-92.8,0,TD,30.0,1006.0,-1,11,19,107213.15,6.7777257,3.3647718,49978.59,2.6322186,4.1343017,14678.01,-1.9201691,10.044406
18193,1982252N26269,1982,71,CHRIS,1982-09-12 09:00:00,33.2999,-92.6145,0,TD,30.0,1007.0,-1,11,18,107134.37,5.3122797,4.1393013,49928.336,4.476272,2.6302826,14629.777,1.992826,11.659054
18194,1982252N26269,1982,71,CHRIS,1982-09-12 12:00:00,33.8,-92.4,0,TD,30.0,1008.0,-1,11,22,107194.03,7.039498,8.371555,50021.805,4.1260467,3.7392383,14779.026,2.3788788,13.131085
18195,1982252N26269,1982,71,CHRIS,1982-09-12 15:00:00,34.3002,-92.121,0,TD,27.0,1009.0,-1,11,26,107325.3,7.0031886,8.864161,50138.68,5.426788,3.2787824,14881.058,4.7600985,11.556226
18196,1982252N26269,1982,71,CHRIS,1982-09-12 18:00:00,34.8,-91.8,0,TD,25.0,1010.0,-1,11,28,107328.44,8.259936,11.149939,50170.22,6.773144,3.7527392,14879.487,3.2299798,9.716636
18197,1982257N20291,1982,76,DEBBY,1982-09-13 12:00:00,19.8,-69.5,53,TD,30.0,1010.0,-1,13,329,107490.28,3.9897974,1.0193591,50285.137,-2.9497778,1.3810773,14990.6,-5.4174614,2.7931037
18198,1982257N20291,1982,76,DEBBY,1982-09-13 15:00:00,20.3351,-69.8394,81,TD,30.0,1009.0,-1,12,327,107648.99,2.1634889,0.16238648,50377.11,-0.8877124,2.937788,15078.122,-4.483115,5.174103
18199,1982257N20291,1982,76,DEBBY,1982-09-13 18:00:00,20.8,-70.2,119,TD,30.0,1009.0,-1,11,319,107569.33,-0.36183715,3.6126142,50272.637,0.05411194,2.6582575,15013.07,-5.292605,6.4426556
18200,1982257N20291,1982,76,DEBBY,1982-09-13 21:00:00,21.1575,-70.5929,156,TD,30.0,1009.0,-1,10,313,107441.84,2.8128192,4.65367,50205.535,0.54658324,-1.5103906,14913.025,-3.971427,3.812406
18201,1982257N20291,1982,76,DEBBY,1982-09-14 00:00:00,21.5,-71.0,190,TD,30.0,1009.0,-1,11,314,107449.37,2.113313,5.2697167,50234.14,-2.8380682,-1.6778607,14973.262,-4.898891,4.049892
18202,1982257N20291,1982,76,DEBBY,1982-09-14 03:00:00,21.9202,-71.4522,173,TD,30.0,1008.0,-1,12,321,107536.12,3.471043,4.0055676,50233.926,-2.3914526,0.7299976,14995.193,-4.2738624,5.199369
18203,1982257N20291,1982,76,DEBBY,1982-09-14 06:00:00,22.4,-71.8,182,TD,30.0,1008.0,-1,11,337,107450.38,6.0273767,2.8399384,50133.156,-0.9806714,-0.36828002,14879.135,-2.6672583,2.8905847
18204,1982257N20291,1982,76,DEBBY,1982-09-14 09:00:00,22.9348,-71.9179,221,TD,32.0,1007.0,-1,11,355,107293.27,4.6416264,4.9941344,50000.016,-0.5582843,-1.3124652,14777.254,-3.884671,3.0931573
18205,1982257N20291,1982,76,DEBBY,1982-09-14 12:00:00,23.5,-71.9,280,TS,35.0,1006.0,0,11,1,107372.42,4.7001843,6.31182,50069.754,-2.0946033,-1.7778351,14812.635,-3.0131066,2.4463525
18206,1982257N20291,1982,76,DEBBY,1982-09-14 15:00:00,24.0573,-71.917,343,TS,45.0,1003.0,0,11,5,107478.19,3.0531476,6.0978346,50097.38,-0.02341919,-0.6950543,14882.309,-2.1319568,2.4043145
18207,1982257N20291,1982,76,DEBBY,1982-09-14 18:00:00,24.6,-71.8,399,TS,55.0,1000.0,0,11,22,107325.8,2.0980585,8.850563,49971.203,0.96475464,-1.3829077,14788.481,-3.1909564,1.2930945
18208,1982257N20291,1982,76,DEBBY,1982-09-14 21:00:00,25.1002,-71.4453,465,TS,60.0,996.0,0,12,36,107243.68,3.733891,7.308437,49855.996,2.8823516,1.8818561,14678.111,-2.1915956,6.159025
18209,1982257N20291,1982,76,DEBBY,1982-09-15 00:00:00,25.6,-71.0,532,HU,65.0,993.0,1,13,35,107203.08,3.2445533,9.807799,49875.83,3.8582208,-0.6959894,14692.499,-1.8262494,6.352699
18210,1982257N20291,1982,76,DEBBY,1982-09-15 03:00:00,26.1424,-70.6421,599,HU,65.0,991.0,1,13,30,107205.95,6.3856664,9.927628,49878.16,4.1725483,-1.9245288,14676.357,-1.2376257,6.4954853
18211,1982257N20291,1982,76,DEBBY,1982-09-15 06:00:00,26.7,-70.3,672,HU,65.0,990.0,1,13,28,107051.83,7.405444,12.017112,49670.71,3.2747126,3.6640797,14527.392,-1.7728314,9.2926
18212,1982257N20291,1982,76,DEBBY,1982-09-15 09:00:00,27.2421,-69.9791,736,HU,70.0,985.0,1,13,29,106877.1,8.371766,11.039773,49559.08,6.2611885,2.50763,14397.745,0.6717334,6.0954423
18213,1982257N20291,1982,76,DEBBY,1982-09-15 12:00:00,27.8,-69.6,813,HU,75.0,980.0,1,14,35,106817.31,8.475803,9.104596,49616.4,5.587563,3.344378,14443.915,2.2265375,5.8340635
18214,1982257N20291,1982,76,DEBBY,1982-09-15 15:00:00,28.3702,-69.0722,895,HU,82.0,974.0,1,15,39,106899.93,6.909734,9.74014,49680.43,7.905095,6.688592,14526.369,3.8914618,8.143122
18215,1982257N20291,1982,76,DEBBY,1982-09-15 18:00:00,29.0,-68.5,981,HU,90.0,969.0,2,17,35,106729.98,5.77527,11.015639,49496.703,8.695035,8.581554,14389.807,1.334842,10.114428
18216,1982257N20291,1982,76,DEBBY,1982-09-15 21:00:00,29.7199,-67.9772,970,HU,92.0,967.0,2,17,30,106607.82,6.3724127,12.833806,49400.63,7.957553,4.043109,14300.56,-0.77510256,7.7413855
18217,1982257N20291,1982,76,DEBBY,1982-09-16 00:00:00,30.5,-67.5,949,HU,95.0,966.0,2,18,26,106715.6,5.5920014,8.975888,49521.75,6.854499,3.5977557,14253.847,4.0364714,5.819233
18218,1982257N20291,1982,76,DEBBY,1982-09-16 03:00:00,31.2996,-67.0915,924,HU,95.0,966.0,2,17,23,106767.92,4.239444,6.137224,49450.234,5.686812,7.5889106,14265.19,1.6594898,8.888492
18219,1982257N20291,1982,76,DEBBY,1982-09-16 06:00:00,32.1,-66.7,908,HU,95.0,966.0,2,17,26,106584.01,5.6648045,5.9074974,49335.375,4.2436104,7.2720547,14171.388,0.9905121,7.0233965
18220,1982257N20291,1982,76,DEBBY,1982-09-16 09:00:00,32.8578,-66.2057,910,HU,95.0,966.0,2,17,27,106557.98,8.313559,5.8683653,49263.91,3.4530048,10.826826,14107.312,-0.8684094,11.247045
18221,1982257N20291,1982,76,DEBBY,1982-09-16 12:00:00,33.6,-65.8,917,HU,95.0,966.0,2,16,18,106483.44,6.0763526,8.862129,49195.934,2.9120855,9.687943,14039.93,-2.4426775,8.7331505
18222,1982257N20291,1982,76,DEBBY,1982-09-16 15:00:00,34.3647,-65.6314,898,HU,95.0,966.0,2,15,6,106620.76,5.558372,7.6101146,49241.273,4.5166717,7.654946,14051.796,0.28180358,7.138578
18223,1982257N20291,1982,76,DEBBY,1982-09-16 18:00:00,35.1,-65.6,828,HU,95.0,966.0,2,15,1,106506.3,3.9898345,10.131996,49117.297,3.5075927,5.9580665,13961.504,-2.1130676,4.802641
18224,1982257N20291,1982,76,DEBBY,1982-09-16 21:00:00,35.8325,-65.5846,758,HU,95.0,966.0,2,13,1,106428.82,3.5329132,8.706496,49065.773,0.9366223,4.2914686,13938.059,-3.6488612,3.2422626
18225,1982257N20291,1982,76,DEBBY,1982-09-17 00:00:00,36.4,-65.6,700,HU,95.0,966.0,2,8,358,106385.61,6.2975554,3.9976318,49115.71,1.0217944,2.8094525,13987.659,-0.4273706,1.5480957
18226,1982257N20291,1982,76,DEBBY,1982-09-17 03:00:00,36.6749,-65.6447,672,HU,95.0,966.0,2,4,0,106343.22,3.7362914,1.4932275,49149.75,-0.88137454,1.5107166,14019.737,-2.5100837,0.9756317
18227,1982257N20291,1982,76,DEBBY,1982-09-17 06:00:00,36.8,-65.6,663,HU,95.0,966.0,2,3,35,106297.58,4.07205,0.5868939,49114.88,0.99479616,0.8518311,13965.895,-0.13496888,0.22603394
18228,1982257N20291,1982,76,DEBBY,1982-09-17 09:00:00,36.9418,-65.4118,664,HU,95.0,966.0,2,6,58,106291.58,4.817132,3.4512599,49100.566,3.138116,4.4342513,13934.161,1.9456396,4.538645
18229,1982257N20291,1982,76,DEBBY,1982-09-17 12:00:00,37.1,-65.0,667,HU,95.0,966.0,2,10,69,106327.49,3.9324133,4.3023305,49169.69,3.8030958,0.14949463,13934.122,3.5139556,3.1406868
18230,1982257N20291,1982,76,DEBBY,1982-09-17 15:00:00,37.2835,-64.2942,690,HU,97.0,963.0,3,13,67,106440.57,5.6091475,7.3586674,49278.594,4.45764,4.944129,14045.801,5.108847,6.528043
18231,1982257N20291,1982,76,DEBBY,1982-09-17 18:00:00,37.6,-63.5,673,HU,100.0,960.0,3,14,52,106350.16,5.6278276,8.379339,49169.836,3.9735925,3.2506573,13925.821,3.051864,3.0136957
18232,1982257N20291,1982,76,DEBBY,1982-09-17 21:00:00,38.1389,-62.9064,633,HU,107.0,955.0,3,15,38,106369.31,8.51105,7.838472,49194.92,7.082033,5.945513,13918.355,3.741439,5.488528
18233,1982257N20291,1982,76,DEBBY,1982-09-18 00:00:00,38.8,-62.3,579,HU,115.0,950.0,4,17,39,106294.91,9.289714,9.723627,49201.37,7.9559155,8.290692,13925.93,2.0326874,7.0038624
18234,1982257N20291,1982,76,DEBBY,1982-09-18 03:00:00,39.4265,-61.5725,549,HU,112.0,951.0,3,18,44,106244.4,7.8542843,7.719302,49145.855,11.345049,1.7045728,13825.46,4.109312,4.714171
18235,1982257N20291,1982,76,DEBBY,1982-09-18 06:00:00,40.1,-60.7,532,HU,110.0,952.0,3,20,47,106044.57,7.3985653,10.154699,48983.934,10.349434,3.2404852,13729.068,4.374612,6.3904033
18236,1982257N20291,1982,76,DEBBY,1982-09-18 09:00:00,40.8048,-59.6573,499,HU,110.0,953.0,3,22,48,105863.52,6.982967,10.953411,48867.53,9.86919,3.268156,13632.361,4.834856,6.626918
18237,1982257N20291,1982,76,DEBBY,1982-09-18 12:00:00,41.6,-58.5,451,HU,110.0,954.0,3,24,45,105851.23,9.221363,13.732846,48823.977,9.083885,11.809817,13606.612,3.6072838,11.886547
18238,1982257N20291,1982,76,DEBBY,1982-09-18 15:00:00,42.5263,-57.3283,423,HU,105.0,957.0,3,26,43,105827.82,10.809132,13.946438,48750.12,7.8669405,13.042027,13539.403,2.619681,11.362652
18239,1982257N20291,1982,76,DEBBY,1982-09-18 18:00:00,43.5,-56.1,368,HU,100.0,960.0,3,26,44,105743.54,11.253293,12.7616825,48649.62,8.230692,13.034602,13451.21,2.2552788,11.024871
18240,1982257N20291,1982,76,DEBBY,1982-09-18 21:00:00,44.413,-54.8403,261,HU,95.0,965.0,2,26,46,105738.5,11.536324,12.243982,48645.05,12.252825,11.087891,13411.013,7.9056087,9.862271
18241,1982257N20291,1982,76,DEBBY,1982-09-19 00:00:00,45.3,-53.5,144,HU,90.0,970.0,2,26,48,105552.39,12.669014,14.24928,48483.297,11.954336,9.489881,13325.737,6.7393675,8.47813
18242,1982257N20291,1982,76,DEBBY,1982-09-19 03:00:00,46.1705,-52.056,94,HU,82.0,974.0,1,27,51,105378.29,13.225999,12.583469,48390.926,11.231233,14.290969,13321.794,8.501598,14.753634
18243,1982257N20291,1982,76,DEBBY,1982-09-19 06:00:00,47.0,-50.5,167,HU,75.0,979.0,1,27,54,105182.92,12.475572,12.865195,48317.996,12.045575,17.339691,13308.91,10.140151,17.431557
18244,1982257N20291,1982,76,DEBBY,1982-09-19 09:00:00,47.7631,-48.8393,285,HU,72.0,983.0,1,27,57,104889.6,14.701472,12.514453,48093.766,11.412851,11.81083,13152.982,8.442594,10.20867
18245,1982257N20291,1982,76,DEBBY,1982-09-19 12:00:00,48.5,-47.1,421,HU,70.0,987.0,1,27,56,104862.33,18.211626,13.972287,48112.023,15.91895,12.550606,13181.885,12.4291725,11.014268
18246,1982257N20291,1982,76,DEBBY,1982-09-19 15:00:00,49.297,-45.3812,556,HU,70.0,987.0,1,28,57,104697.78,18.268837,11.949891,47981.684,15.801922,11.906829,13080.532,10.431404,12.477687
18247,1982257N20291,1982,76,DEBBY,1982-09-19 18:00:00,50.0,-43.5,705,HU,70.0,987.0,1,28,66,104429.09,18.186655,8.616672,47767.023,15.32568,2.3714252,12911.541,6.2017865,3.9129157
18248,1982257N20291,1982,76,DEBBY,1982-09-19 21:00:00,50.4546,-41.3826,861,HU,70.0,987.0,1,30,74,104450.18,21.801752,5.692767,47831.484,18.96753,4.6252003,12956.442,11.1160145,7.396809
18249,1982257N20291,1982,76,DEBBY,1982-09-20 00:00:00,50.8,-39.0,1033,HU,70.0,987.0,1,32,77,104154.89,19.011057,5.544279,47670.906,15.31918,1.3256329,12911.308,3.68224,2.676831
18250,1982257N20291,1982,76,DEBBY,1982-09-20 03:00:00,51.1779,-36.4285,1069,HU,65.0,990.0,1,35,79,104048.17,22.147478,5.3651404,47632.375,18.322495,1.156784,12934.308,6.0081635,2.464753
18251,1982257N20291,1982,76,DEBBY,1982-09-20 06:00:00,51.5,-33.5,1121,TS,60.0,993.0,0,39,82,103587.96,25.039322,3.4796917,47365.54,13.605054,-4.6544704,12978.304,-3.3226616,-1.303045
18252,1982257N20291,1982,76,DEBBY,1982-09-20 09:00:00,51.7182,-30.2087,1222,TS,55.0,994.0,0,43,86,103407.74,28.11894,0.37093812,47287.81,14.6549425,-3.3595295,13085.768,-4.0407495,0.106658936
18253,1982257N20291,1982,76,DEBBY,1982-09-20 12:00:00,51.8,-26.6,1095,TS,50.0,996.0,0,45,90,103251.42,31.306831,-0.3014154,47231.16,15.305498,-6.041549,13137.299,-2.1712182,-2.2804725
18254,1982257N20291,1982,76,DEBBY,1982-09-20 15:00:00,51.7242,-22.8262,839,TS,50.0,996.0,0,47,94,102998.48,35.276974,-0.37647644,47082.395,19.679722,-5.195177,13136.724,2.8256402,-3.048894
18255,1982267N25289,1982,82,NOT_NAMED,1982-09-24 00:00:00,25.3,-71.5,483,TD,20.0,1008.0,-1,11,303,107187.01,-0.8597119,-2.038125,50375.055,-0.93641603,0.50366515,15197.725,-3.7047071,2.4072497
18256,1982267N25289,1982,82,NOT_NAMED,1982-09-24 03:00:00,25.608,-72.0152,502,TD,22.0,1008.0,-1,11,308,107227.7,0.6732214,0.33328736,50449.49,-0.94259524,0.5822113,15289.745,-3.443808,2.6109948
18257,1982267N25289,1982,82,NOT_NAMED,1982-09-24 06:00:00,26.0,-72.5,538,TD,25.0,1008.0,-1,12,319,107180.42,1.4836408,1.5666064,50344.25,-0.2993146,0.13719177,15179.045,-3.1908007,3.2805297
18258,1982267N25289,1982,82,NOT_NAMED,1982-09-24 09:00:00,26.5272,-72.8914,530,TD,25.0,1008.0,-1,12,338,107039.29,4.5166235,1.9980645,50256.03,0.88203794,0.49597716,15104.485,-2.651548,2.8022637
18259,1982267N25289,1982,82,NOT_NAMED,1982-09-24 12:00:00,27.1,-73.0,546,TD,25.0,1008.0,-1,11,12,107081.76,3.732596,1.3607074,50289.75,1.2838434,1.7386719,15106.595,-0.9067987,3.327146
18260,1982267N25289,1982,82,NOT_NAMED,1982-09-24 15:00:00,27.6155,-72.6339,605,TD,27.0,1008.0,-1,13,39,107102.23,7.4899316,4.6693544,50340.785,2.3703167,3.702636,15186.773,-0.58545595,2.0262365
18261,1982267N25289,1982,82,NOT_NAMED,1982-09-24 18:00:00,28.1,-72.1,674,TD,30.0,1008.0,-1,12,38,107093.3,7.6023717,5.115633,50250.844,2.896175,4.479582,15104.19,-0.71935606,3.0791626
18262,1982267N25289,1982,82,NOT_NAMED,1982-09-24 21:00:00,28.5496,-71.799,722,TD,30.0,1008.0,-1,10,30,106996.06,11.641668,7.7596674,50161.316,4.5676785,4.034464,15040.613,-1.4694214,3.2459192
18263,1982267N25289,1982,82,NOT_NAMED,1982-09-25 00:00:00,29.0,-71.5,776,TD,30.0,1008.0,-1,11,34,106915.09,10.133695,7.354074,50114.95,5.6877728,2.6581275,14989.805,-0.2599762,3.7372832
18264,1982267N25289,1982,82,NOT_NAMED,1982-09-25 03:00:00,29.4925,-71.0798,770,TD,30.0,1008.0,-1,13,38,106918.93,8.728411,5.4737415,50172.08,4.26568,3.6233459,15059.883,0.79414004,6.295837
18265,1982267N25289,1982,82,NOT_NAMED,1982-09-25 06:00:00,30.0,-70.6,761,TD,30.0,1008.0,-1,13,40,106775.78,9.798895,7.0201936,50009.785,4.372209,5.165928,14888.157,1.2509869,6.5949745
18266,1982267N25289,1982,82,NOT_NAMED,1982-09-25 09:00:00,30.4773,-70.1141,758,TD,30.0,1008.0,-1,13,41,106789.56,7.6442122,7.2655683,50002.63,3.9740026,6.6123466,14897.021,2.374549,8.02406
18267,1982267N25289,1982,82,NOT_NAMED,1982-09-25 12:00:00,31.0,-69.6,760,TD,30.0,1008.0,-1,15,38,106846.17,6.489964,12.971614,49995.266,5.940739,7.633131,14849.572,4.8194866,7.0511503
18268,1982267N25289,1982,82,NOT_NAMED,1982-09-25 15:00:00,31.635,-69.05,753,TD,30.0,1008.0,-1,16,36,106949.56,7.697501,15.094068,50103.094,6.152087,8.508382,14962.095,4.3604817,7.689388
18269,1982267N25289,1982,82,NOT_NAMED,1982-09-25 18:00:00,32.3,-68.5,752,TD,30.0,1008.0,-1,15,35,107049.0,8.575385,12.048618,50144.66,6.2120924,8.621025,15003.201,4.560019,9.821495
18270,1982267N25289,1982,82,NOT_NAMED,1982-09-25 21:00:00,32.8994,-68.0134,759,TD,30.0,1008.0,-1,15,35,106979.93,11.886033,10.520927,50099.605,7.305917,7.9120774,14952.535,4.8999724,9.085788
18271,1982267N25289,1982,82,NOT_NAMED,1982-09-26 00:00:00,33.5,-67.5,773,TD,30.0,1008.0,-1,16,37,106892.89,16.770388,8.57004,50034.746,6.5983534,6.937638,14859.169,3.4967072,5.3246436
18272,1982267N25289,1982,82,NOT_NAMED,1982-09-26 03:00:00,34.1501,-66.865,801,TD,30.0,1008.0,-1,17,40,107021.91,14.3162365,4.4522133,50173.914,7.1815615,7.9356017,14986.205,4.772764,8.338139
18273,1982267N25289,1982,82,NOT_NAMED,1982-09-26 06:00:00,34.8,-66.2,836,TD,30.0,1008.0,-1,17,40,107007.71,12.925791,3.9389203,50168.47,8.329747,8.240757,14979.015,5.493108,9.55782
18274,1982267N25289,1982,82,NOT_NAMED,1982-09-26 09:00:00,35.4223,-65.5769,798,TD,30.0,1008.0,-1,15,39,107023.94,11.982451,2.9590094,50194.445,8.546896,6.5221467,14997.097,6.5529027,8.432966
18275,1982267N25289,1982,82,NOT_NAMED,1982-09-26 12:00:00,36.0,-65.0,767,TD,30.0,1008.0,-1,14,39,107189.1,11.922189,4.1786537,50317.094,8.49037,5.8359203,15096.776,6.259594,8.568548
18276,1982267N25289,1982,82,NOT_NAMED,1982-09-26 15:00:00,36.5146,-64.4838,747,TD,30.0,1008.0,-1,13,39,107336.59,13.900332,3.700529,50424.715,8.017895,5.717776,15197.64,5.648678,8.737869
18277,1982267N25289,1982,82,NOT_NAMED,1982-09-26 18:00:00,37.0,-64.0,731,TD,30.0,1008.0,-1,12,38,107351.75,14.021442,2.28628,50409.45,8.453649,4.602865,15168.251,7.123884,8.093888
18278,1982267N25289,1982,82,NOT_NAMED,1982-09-26 21:00:00,37.4842,-63.5356,684,TD,27.0,1008.0,-1,13,38,107470.75,13.810916,-0.48242247,50482.35,8.205008,2.7469306,15206.773,7.6228137,6.8506985
18279,1982267N25289,1982,82,NOT_NAMED,1982-09-27 00:00:00,38.0,-63.0,641,TD,25.0,1008.0,-1,15,41,107401.31,12.008554,-6.191728,50493.395,7.866185,2.7960181,15292.244,6.138207,6.7325945
18280,1982267N25289,1982,82,NOT_NAMED,1982-09-27 03:00:00,38.6078,-62.2809,599,TD,25.0,1008.0,-1,17,44,107415.34,8.792307,-7.40819,50478.99,9.115029,2.9830773,15284.957,6.6333666,6.9512043
18281,1982267N25289,1982,82,NOT_NAMED,1982-09-27 06:00:00,39.2,-61.5,573,TD,25.0,1008.0,-1,16,47,107386.34,5.487518,-4.573983,50480.85,11.13073,0.9327069,15268.64,7.1937327,6.196791
18282,1982267N25289,1982,82,NOT_NAMED,1982-09-27 09:00:00,39.6853,-60.7779,563,TD,22.0,1008.0,-1,14,50,107249.39,9.502552,-1.4601996,50405.754,10.595389,-0.87131715,15244.284,7.7229986,5.2617517
18283,1982267N25289,1982,82,NOT_NAMED,1982-09-27 12:00:00,40.1,-60.1,557,TD,20.0,1008.0,-1,13,51,107447.87,11.007878,-4.3073363,50575.297,9.171191,-0.64265686,15366.336,9.944298,4.97119
18284,1982274N25295,1982,85,ERNESTO,1982-09-30 12:00:00,24.8,-65.4,715,TD,30.0,1006.0,-1,15,289,107455.03,-0.17482056,6.665447,50264.727,-6.722595,3.8393128,15048.076,-7.8860884,4.4170527
18285,1982274N25295,1982,85,ERNESTO,1982-09-30 15:00:00,25.0412,-66.1743,712,TD,30.0,1005.0,-1,14,292,107611.9,-0.56718016,5.3690295,50357.44,-4.6402397,3.3964386,15115.301,-7.3104267,3.376313
18286,1982274N25295,1982,85,ERNESTO,1982-09-30 18:00:00,25.3,-66.8,716,TD,30.0,1005.0,-1,11,301,107520.81,0.54087156,5.397239,50227.24,-3.0168304,2.2959113,14986.147,-4.834836,2.7431648
18287,1982274N25295,1982,85,ERNESTO,1982-09-30 21:00:00,25.592,-67.1754,729,TD,30.0,1005.0,-1,8,318,107448.52,4.4198914,5.044468,50223.27,-2.1117835,2.239239,14989.6,-5.5407133,3.0950732
18288,1982274N25295,1982,85,ERNESTO,1982-10-01 00:00:00,25.9,-67.4,752,TD,30.0,1005.0,-1,7,324,107451.81,3.6722753,5.3696,50253.49,-0.9990607,2.1730127,14962.926,-5.267461,1.8279346
18289,1982274N25295,1982,85,ERNESTO,1982-10-01 03:00:00,26.185,-67.6524,774,TD,32.0,1004.0,-1,7,329,107438.06,4.69582,3.779131,50297.98,-0.84404725,0.50553894,15014.829,-4.3461895,1.929701
18290,1982274N25295,1982,85,ERNESTO,1982-10-01 06:00:00,26.5,-67.8,793,TS,35.0,1004.0,0,7,348,107307.56,5.124017,3.6163788,50159.37,-0.4789148,1.1603259,14878.4,-1.0371485,4.229464
18291,1982274N25295,1982,85,ERNESTO,1982-10-01 09:00:00,26.8998,-67.825,826,TS,37.0,1003.0,0,8,6,107179.4,7.4019375,2.7433617,50097.934,0.34318176,2.3084834,14811.18,-0.5467932,4.279785
18292,1982274N25295,1982,85,ERNESTO,1982-10-01 12:00:00,27.3,-67.7,867,TS,40.0,1003.0,0,8,24,107141.3,8.745893,2.747547,50128.887,2.6781518,1.9729962,14828.219,1.290268,4.222143
18293,1982274N25295,1982,85,ERNESTO,1982-10-01 15:00:00,27.6149,-67.4599,905,TS,45.0,1001.0,0,8,42,107082.49,9.201175,6.1364202,50124.113,3.524054,4.2763634,14866.69,0.6603516,7.8585114
18294,1982274N25295,1982,85,ERNESTO,1982-10-01 18:00:00,27.9,-67.1,956,TS,50.0,1000.0,0,9,49,106980.24,9.330254,6.4790606,49983.43,5.663138,4.1042194,14722.985,3.5940173,6.321665
18295,1982274N25295,1982,85,ERNESTO,1982-10-01 21:00:00,28.1999,-66.6873,1007,TS,55.0,998.0,0,10,53,106868.28,10.187119,6.644198,49910.684,7.4874206,2.5919921,14627.339,5.5356483,4.0985866
18296,1982274N25295,1982,85,ERNESTO,1982-10-02 00:00:00,28.5,-66.2,1065,TS,60.0,997.0,0,10,55,106859.11,10.283117,6.3044987,49942.18,7.576859,3.6691644,14674.495,2.7031677,5.8779755
18297,1982274N25295,1982,85,ERNESTO,1982-10-02 03:00:00,28.7912,-65.7389,1116,TS,57.0,997.0,0,11,58,106748.66,10.243056,7.88896,49905.984,8.5919285,2.3051777,14658.581,2.0095484,7.079926
18298,1982274N25295,1982,85,ERNESTO,1982-10-02 06:00:00,29.1,-65.1,1171,TS,55.0,997.0,0,15,65,106612.27,10.852548,8.015812,49797.336,8.195337,1.6796777,14565.318,4.935959,10.723913
18299,1982274N25295,1982,85,ERNESTO,1982-10-02 09:00:00,29.4424,-64.1547,1237,TS,52.0,997.0,0,20,69,106613.78,11.097969,7.347329,49734.57,7.770711,3.1935108,14514.125,8.195613,11.377244
18300,1982274N25295,1982,85,ERNESTO,1982-10-02 12:00:00,29.8,-63.0,1300,TS,50.0,998.0,0,22,73,106608.04,11.785459,6.735729,49676.31,9.629476,3.821839,14457.611,8.897252,9.114819
18301,1982274N25295,1982,85,ERNESTO,1982-10-02 15:00:00,30.0897,-61.777,1362,TS,47.0,999.0,0,23,72,106752.1,12.637459,8.845821,49728.3,10.819641,3.743947,14531.918,9.830232,9.464671
18302,1982274N25295,1982,85,ERNESTO,1982-10-02 18:00:00,30.5,-60.5,1446,TS,45.0,1001.0,0,24,64,106629.58,15.223133,6.6497808,49625.934,12.373853,5.9340954,14478.205,11.868488,13.829053
18303,1982274N25295,1982,85,ERNESTO,1982-10-02 21:00:00,31.1719,-59.246,1470,TS,42.0,1002.0,0,26,55,106468.82,17.556799,5.682785,49541.6,13.785998,5.21583,14369.269,13.680561,12.423892
